player_id,player_name,ff,fr,fr_td
siran-neal,Siran Neal,1,0,0
fred-warner,Fred Warner,1,0,0
christian-barmore,Christian Barmore,0,0,0
nick-bosa,Nick Bosa,0,0,0
ji-ayir-brown,Ji'Ayir Brown,0,0,0
kevin-byard,Kevin Byard,0,0,0
kamren-curl,Kam Curl,0,0,0
ashtyn-davis,Ashtyn Davis,0,0,0
carlton-davis,Carlton Davis III,0,0,0
tyler-davis-4,Tyler Davis,0,0,0
shaun-dolac,Shaun Dolac,0,0,0
demario-douglas,DeMario Douglas,0,0,0
jaden-dugger,Jaden Dugger,0,0,0
cory-durden,Cory Durden,0,0,0
christian-elliss,Christian Elliss,0,0,0
braden-fiske,Braden Fiske,0,0,0
montorie-foster-jr,Montorie Foster Jr,0,0,0
christian-gonzalez,Christian Gonzalez,0,0,0
renardo-green,Renardo Green,0,0,0
dre-greenlaw-x9042,Dre Greenlaw,0,0,0
derick-hall,Derick Hall,0,0,0
ty-hamilton,Ty Hamilton,0,0,0
khadarel-hodge,KhaDarel Hodge,0,0,0
gabe-jacas,Gabe Jacas,0,0,0
joshua-jobe,Josh Jobe,0,0,0
desjuan-johnson,Desjuan Johnson,0,0,0
dre-mont-jones,Dre'Mont Jones,0,0,0
ernest-jones-2,Ernest Jones,0,0,0
jack-jones-2,Jack Jones,0,0,0
marcus-jones-2,Marcus Jones,0,0,0
khalid-kareem,Khalid Kareem,0,0,0
kamren-kinchens,Kamren Kinchens,0,0,0
george-kittle,George Kittle,0,0,0
quentin-lake,Quentin Lake,0,0,0
nate-landman,Nate Landman,0,0,0
demarcus-lawrence,DeMarcus Lawrence,0,0,0
deommodore-lenoir,Deommodore Lenoir,0,0,0
julian-love,Julian Love,0,0,0
jaylen-mccollough,Jaylen McCollough,0,0,0
trent-mcduffie,Trent McDuffie,0,0,0
rylie-mills,Rylie Mills,0,0,0
byron-murphy-ii,Byron Murphy II,0,0,0
malik-mustapha,Malik Mustapha,0,0,0
puka-nacua,Puka Nacua,0,0,0
uchenna-nwosu,Uchenna Nwosu,0,0,0
namdi-obiazor,Namdi Obiazor,0,0,0
patrick-o-connell,Patrick O'Connell,0,0,0
osa-odighizuwa,Osa Odighizuwa,0,0,0
ogbo-okoronkwo,Ogbo Okoronkwo,0,0,0
connor-o-toole,Connor O'Toole,0,0,0
desjuan-johnson,Desjuan Johnson,0,0,0
dre-mont-jones,Dre'Mont Jones,0,0,0
ernest-jones-2,Ernest Jones,0,0,0
jack-jones-2,Jack Jones,0,0,0
marcus-jones-2,Marcus Jones,0,0,0
khalid-kareem,Khalid Kareem,0,0,0
kamren-kinchens,Kamren Kinchens,0,0,0
george-kittle,George Kittle,0,0,0
quentin-lake,Quentin Lake,0,0,0
nate-landman,Nate Landman,0,0,0
demarcus-lawrence,DeMarcus Lawrence,0,0,0
deommodore-lenoir,Deommodore Lenoir,0,0,0
julian-love,Julian Love,0,0,0
jaylen-mccollough,Jaylen McCollough,0,0,0
trent-mcduffie,Trent McDuffie,0,0,0
rylie-mills,Rylie Mills,0,0,0
byron-murphy-ii,Byron Murphy II,0,0,0
malik-mustapha,Malik Mustapha,0,0,0
puka-nacua,Puka Nacua,0,0,0
uchenna-nwosu,Uchenna Nwosu,0,0,0
namdi-obiazor,Namdi Obiazor,0,0,0
patrick-o-connell,Patrick O'Connell,0,0,0
osa-odighizuwa,Osa Odighizuwa,0,0,0
ogbo-okoronkwo,Ogbo Okoronkwo,0,0,0
connor-o-toole,Connor O'Toole,0,0,0
desjuan-johnson,Desjuan Johnson,0,0,0
dre-mont-jones,Dre'Mont Jones,0,0,0
ernest-jones-2,Ernest Jones,0,0,0
jack-jones-2,Jack Jones,0,0,0
marcus-jones-2,Marcus Jones,0,0,0
khalid-kareem,Khalid Kareem,0,0,0
kamren-kinchens,Kamren Kinchens,0,0,0
george-kittle,George Kittle,0,0,0
quentin-lake,Quentin Lake,0,0,0
nate-landman,Nate Landman,0,0,0
demarcus-lawrence,DeMarcus Lawrence,0,0,0
deommodore-lenoir,Deommodore Lenoir,0,0,0
julian-love,Julian Love,0,0,0
jaylen-mccollough,Jaylen McCollough,0,0,0
trent-mcduffie,Trent McDuffie,0,0,0
rylie-mills,Rylie Mills,0,0,0
byron-murphy-ii,Byron Murphy II,0,0,0
malik-mustapha,Malik Mustapha,0,0,0
puka-nacua,Puka Nacua,0,0,0
uchenna-nwosu,Uchenna Nwosu,0,0,0
namdi-obiazor,Namdi Obiazor,0,0,0
patrick-o-connell,Patrick O'Connell,0,0,0
osa-odighizuwa,Osa Odighizuwa,0,0,0
ogbo-okoronkwo,Ogbo Okoronkwo,0,0,0
connor-o-toole,Connor O'Toole,0,0,0
desjuan-johnson,Desjuan Johnson,0,0,0
dre-mont-jones,Dre'Mont Jones,0,0,0
ernest-jones-2,Ernest Jones,0,0,0
jack-jones-2,Jack Jones,0,0,0
marcus-jones-2,Marcus Jones,0,0,0
khalid-kareem,Khalid Kareem,0,0,0
kamren-kinchens,Kamren Kinchens,0,0,0
george-kittle,George Kittle,0,0,0
quentin-lake,Quentin Lake,0,0,0
nate-landman,Nate Landman,0,0,0
demarcus-lawrence,DeMarcus Lawrence,0,0,0
deommodore-lenoir,Deommodore Lenoir,0,0,0
julian-love,Julian Love,0,0,0
jaylen-mccollough,Jaylen McCollough,0,0,0
trent-mcduffie,Trent McDuffie,0,0,0
rylie-mills,Rylie Mills,0,0,0
byron-murphy-ii,Byron Murphy II,0,0,0
malik-mustapha,Malik Mustapha,0,0,0
puka-nacua,Puka Nacua,0,0,0
uchenna-nwosu,Uchenna Nwosu,0,0,0
namdi-obiazor,Namdi Obiazor,0,0,0
patrick-o-connell,Patrick O'Connell,0,0,0
osa-odighizuwa,Osa Odighizuwa,0,0,0
ogbo-okoronkwo,Ogbo Okoronkwo,0,0,0
connor-o-toole,Connor O'Toole,0,0,0
desjuan-johnson,Desjuan Johnson,0,0,0
dre-mont-jones,Dre'Mont Jones,0,0,0
ernest-jones-2,Ernest Jones,0,0,0
jack-jones-2,Jack Jones,0,0,0
marcus-jones-2,Marcus Jones,0,0,0
khalid-kareem,Khalid Kareem,0,0,0
kamren-kinchens,Kamren Kinchens,0,0,0
george-kittle,George Kittle,0,0,0
quentin-lake,Quentin Lake,0,0,0
nate-landman,Nate Landman,0,0,0
demarcus-lawrence,DeMarcus Lawrence,0,0,0
deommodore-lenoir,Deommodore Lenoir,0,0,0
julian-love,Julian Love,0,0,0
jaylen-mccollough,Jaylen McCollough,0,0,0
trent-mcduffie,Trent McDuffie,0,0,0
rylie-mills,Rylie Mills,0,0,0
byron-murphy-ii,Byron Murphy II,0,0,0
malik-mustapha,Malik Mustapha,0,0,0
puka-nacua,Puka Nacua,0,0,0
uchenna-nwosu,Uchenna Nwosu,0,0,0
namdi-obiazor,Namdi Obiazor,0,0,0
patrick-o-connell,Patrick O'Connell,0,0,0
osa-odighizuwa,Osa Odighizuwa,0,0,0
ogbo-okoronkwo,Ogbo Okoronkwo,0,0,0
connor-o-toole,Connor O'Toole,0,0,0
desjuan-johnson,Desjuan Johnson,0,0,0
dre-mont-jones,Dre'Mont Jones,0,0,0
ernest-jones-2,Ernest Jones,0,0,0
jack-jones-2,Jack Jones,0,0,0
marcus-jones-2,Marcus Jones,0,0,0
khalid-kareem,Khalid Kareem,0,0,0
kamren-kinchens,Kamren Kinchens,0,0,0
george-kittle,George Kittle,0,0,0
quentin-lake,Quentin Lake,0,0,0
nate-landman,Nate Landman,0,0,0
demarcus-lawrence,DeMarcus Lawrence,0,0,0
deommodore-lenoir,Deommodore Lenoir,0,0,0
julian-love,Julian Love,0,0,0
jaylen-mccollough,Jaylen McCollough,0,0,0
trent-mcduffie,Trent McDuffie,0,0,0
rylie-mills,Rylie Mills,0,0,0
byron-murphy-ii,Byron Murphy II,0,0,0
malik-mustapha,Malik Mustapha,0,0,0
puka-nacua,Puka Nacua,0,0,0
uchenna-nwosu,Uchenna Nwosu,0,0,0
namdi-obiazor,Namdi Obiazor,0,0,0
patrick-o-connell,Patrick O'Connell,0,0,0
osa-odighizuwa,Osa Odighizuwa,0,0,0
ogbo-okoronkwo,Ogbo Okoronkwo,0,0,0
connor-o-toole,Connor O'Toole,0,0,0
desjuan-johnson,Desjuan Johnson,0,0,0
dre-mont-jones,Dre'Mont Jones,0,0,0
ernest-jones-2,Ernest Jones,0,0,0
jack-jones-2,Jack Jones,0,0,0
marcus-jones-2,Marcus Jones,0,0,0
khalid-kareem,Khalid Kareem,0,0,0
kamren-kinchens,Kamren Kinchens,0,0,0
george-kittle,George Kittle,0,0,0
quentin-lake,Quentin Lake,0,0,0
nate-landman,Nate Landman,0,0,0
demarcus-lawrence,DeMarcus Lawrence,0,0,0
deommodore-lenoir,Deommodore Lenoir,0,0,0
julian-love,Julian Love,0,0,0
jaylen-mccollough,Jaylen McCollough,0,0,0
trent-mcduffie,Trent McDuffie,0,0,0
rylie-mills,Rylie Mills,0,0,0
byron-murphy-ii,Byron Murphy II,0,0,0
malik-mustapha,Malik Mustapha,0,0,0
puka-nacua,Puka Nacua,0,0,0
uchenna-nwosu,Uchenna Nwosu,0,0,0
namdi-obiazor,Namdi Obiazor,0,0,0
patrick-o-connell,Patrick O'Connell,0,0,0
osa-odighizuwa,Osa Odighizuwa,0,0,0
ogbo-okoronkwo,Ogbo Okoronkwo,0,0,0
connor-o-toole,Connor O'Toole,0,0,0
dell-pettus,Dell Pettus,0,0,0
elijah-ponder-2,Elijah Ponder,0,0,0
nehemiah-pritchett,Nehemiah Pritchett,0,0,0
jarran-reed,Jarran Reed,0,0,0
brady-russell,Brady Russell,0,0,0
marques-sigle,Marques Sigle,0,0,0
omar-speights,Omar Speights,0,0,0
robert-spillane,Robert Spillane,0,0,0
josaiah-stewart-2,Josaiah Stewart,0,0,0
upton-stout,Upton Stout,0,0,0
chazz-surratt,Chazz Surratt,0,0,0
drake-thomas,Drake Thomas,0,0,0
rodney-thomas-4,Rodney Thomas,0,0,0
james-thompson-jr,James Thompson Jr.,0,0,0
kobie-turner,Kobie Turner,0,0,0
garret-wallow,Garret Wallow,0,0,0
jaylen-watson,Jaylen Watson,0,0,0
cj-west,CJ West,0,0,0
leonard-williams,Leonard Williams,0,0,0
milton-williams,Milton Williams,0,0,0
jared-wilson,Jared Wilson,0,0,0
devon-witherspoon,Devon Witherspoon,0,0,0
charles-woods,Charles Woods,0,0,0
craig-woodson,Craig Woodson,0,0,0
byron-young-2,Byron Young,0,0,0
dell-pettus,Dell Pettus,0,0,0
elijah-ponder-2,Elijah Ponder,0,0,0
nehemiah-pritchett,Nehemiah Pritchett,0,0,0
jarran-reed,Jarran Reed,0,0,0
brady-russell,Brady Russell,0,0,0
marques-sigle,Marques Sigle,0,0,0
omar-speights,Omar Speights,0,0,0
robert-spillane,Robert Spillane,0,0,0
josaiah-stewart-2,Josaiah Stewart,0,0,0
upton-stout,Upton Stout,0,0,0
chazz-surratt,Chazz Surratt,0,0,0
drake-thomas,Drake Thomas,0,0,0
rodney-thomas-4,Rodney Thomas,0,0,0
james-thompson-jr,James Thompson Jr.,0,0,0
kobie-turner,Kobie Turner,0,0,0
garret-wallow,Garret Wallow,0,0,0
jaylen-watson,Jaylen Watson,0,0,0
cj-west,CJ West,0,0,0
leonard-williams,Leonard Williams,0,0,0
milton-williams,Milton Williams,0,0,0
jared-wilson,Jared Wilson,0,0,0
devon-witherspoon,Devon Witherspoon,0,0,0
charles-woods,Charles Woods,0,0,0
craig-woodson,Craig Woodson,0,0,0
byron-young-2,Byron Young,0,0,0
dell-pettus,Dell Pettus,0,0,0
elijah-ponder-2,Elijah Ponder,0,0,0
nehemiah-pritchett,Nehemiah Pritchett,0,0,0
jarran-reed,Jarran Reed,0,0,0
brady-russell,Brady Russell,0,0,0
marques-sigle,Marques Sigle,0,0,0
omar-speights,Omar Speights,0,0,0
robert-spillane,Robert Spillane,0,0,0
josaiah-stewart-2,Josaiah Stewart,0,0,0
upton-stout,Upton Stout,0,0,0
chazz-surratt,Chazz Surratt,0,0,0
drake-thomas,Drake Thomas,0,0,0
rodney-thomas-4,Rodney Thomas,0,0,0
james-thompson-jr,James Thompson Jr.,0,0,0
kobie-turner,Kobie Turner,0,0,0
garret-wallow,Garret Wallow,0,0,0
jaylen-watson,Jaylen Watson,0,0,0
cj-west,CJ West,0,0,0
leonard-williams,Leonard Williams,0,0,0
milton-williams,Milton Williams,0,0,0
jared-wilson,Jared Wilson,0,0,0
devon-witherspoon,Devon Witherspoon,0,0,0
charles-woods,Charles Woods,0,0,0
craig-woodson,Craig Woodson,0,0,0
byron-young-2,Byron Young,0,0,0
dell-pettus,Dell Pettus,0,0,0
elijah-ponder-2,Elijah Ponder,0,0,0
nehemiah-pritchett,Nehemiah Pritchett,0,0,0
jarran-reed,Jarran Reed,0,0,0
brady-russell,Brady Russell,0,0,0
marques-sigle,Marques Sigle,0,0,0
omar-speights,Omar Speights,0,0,0
robert-spillane,Robert Spillane,0,0,0
josaiah-stewart-2,Josaiah Stewart,0,0,0
upton-stout,Upton Stout,0,0,0
chazz-surratt,Chazz Surratt,0,0,0
drake-thomas,Drake Thomas,0,0,0
rodney-thomas-4,Rodney Thomas,0,0,0
james-thompson-jr,James Thompson Jr.,0,0,0
kobie-turner,Kobie Turner,0,0,0
garret-wallow,Garret Wallow,0,0,0
jaylen-watson,Jaylen Watson,0,0,0
cj-west,CJ West,0,0,0
leonard-williams,Leonard Williams,0,0,0
milton-williams,Milton Williams,0,0,0
jared-wilson,Jared Wilson,0,0,0
devon-witherspoon,Devon Witherspoon,0,0,0
charles-woods,Charles Woods,0,0,0
craig-woodson,Craig Woodson,0,0,0
byron-young-2,Byron Young,0,0,0
dell-pettus,Dell Pettus,0,0,0
elijah-ponder-2,Elijah Ponder,0,0,0
nehemiah-pritchett,Nehemiah Pritchett,0,0,0
jarran-reed,Jarran Reed,0,0,0
brady-russell,Brady Russell,0,0,0
marques-sigle,Marques Sigle,0,0,0
omar-speights,Omar Speights,0,0,0
robert-spillane,Robert Spillane,0,0,0
josaiah-stewart-2,Josaiah Stewart,0,0,0
upton-stout,Upton Stout,0,0,0
chazz-surratt,Chazz Surratt,0,0,0
drake-thomas,Drake Thomas,0,0,0
rodney-thomas-4,Rodney Thomas,0,0,0
james-thompson-jr,James Thompson Jr.,0,0,0
kobie-turner,Kobie Turner,0,0,0
garret-wallow,Garret Wallow,0,0,0
jaylen-watson,Jaylen Watson,0,0,0
cj-west,CJ West,0,0,0
leonard-williams,Leonard Williams,0,0,0
milton-williams,Milton Williams,0,0,0
jared-wilson,Jared Wilson,0,0,0
devon-witherspoon,Devon Witherspoon,0,0,0
charles-woods,Charles Woods,0,0,0
craig-woodson,Craig Woodson,0,0,0
byron-young-2,Byron Young,0,0,0
dell-pettus,Dell Pettus,0,0,0
elijah-ponder-2,Elijah Ponder,0,0,0
nehemiah-pritchett,Nehemiah Pritchett,0,0,0
jarran-reed,Jarran Reed,0,0,0
brady-russell,Brady Russell,0,0,0
marques-sigle,Marques Sigle,0,0,0
omar-speights,Omar Speights,0,0,0
robert-spillane,Robert Spillane,0,0,0
josaiah-stewart-2,Josaiah Stewart,0,0,0
upton-stout,Upton Stout,0,0,0
chazz-surratt,Chazz Surratt,0,0,0
drake-thomas,Drake Thomas,0,0,0
rodney-thomas-4,Rodney Thomas,0,0,0
james-thompson-jr,James Thompson Jr.,0,0,0
kobie-turner,Kobie Turner,0,0,0
garret-wallow,Garret Wallow,0,0,0
jaylen-watson,Jaylen Watson,0,0,0
cj-west,CJ West,0,0,0
leonard-williams,Leonard Williams,0,0,0
milton-williams,Milton Williams,0,0,0
jared-wilson,Jared Wilson,0,0,0
devon-witherspoon,Devon Witherspoon,0,0,0
charles-woods,Charles Woods,0,0,0
craig-woodson,Craig Woodson,0,0,0
byron-young-2,Byron Young,0,0,0
dell-pettus,Dell Pettus,0,0,0
elijah-ponder-2,Elijah Ponder,0,0,0
nehemiah-pritchett,Nehemiah Pritchett,0,0,0
jarran-reed,Jarran Reed,0,0,0
brady-russell,Brady Russell,0,0,0
marques-sigle,Marques Sigle,0,0,0
omar-speights,Omar Speights,0,0,0
robert-spillane,Robert Spillane,0,0,0
josaiah-stewart-2,Josaiah Stewart,0,0,0
upton-stout,Upton Stout,0,0,0
chazz-surratt,Chazz Surratt,0,0,0
drake-thomas,Drake Thomas,0,0,0
rodney-thomas-4,Rodney Thomas,0,0,0
james-thompson-jr,James Thompson Jr.,0,0,0
kobie-turner,Kobie Turner,0,0,0
garret-wallow,Garret Wallow,0,0,0
jaylen-watson,Jaylen Watson,0,0,0
cj-west,CJ West,0,0,0
leonard-williams,Leonard Williams,0,0,0
milton-williams,Milton Williams,0,0,0
jared-wilson,Jared Wilson,0,0,0
devon-witherspoon,Devon Witherspoon,0,0,0
charles-woods,Charles Woods,0,0,0
craig-woodson,Craig Woodson,0,0,0
byron-young-2,Byron Young,0,0,0
